Name,Email,Contact Number
Home,hr@csit.gov.sg,
about-us,ia@csit.gov.sg,
cybersecurity,jcscholarship@csit.gov.sg,
software-engineering,connect@csit.gov.sg,
data-analytics,hr@csit.gov.sg,
cloud-infrastructure,scholarship@csit.gov.sg,
join-us,partnerships@csit.gov.sg,
tech-blog,ia@csit.gov.sg,
events,dipscholarship@csit.gov.sg,
what-we-do,csit.techcon@csit.gov.sg,
careers,tisc_contactus@csit.gov.sg,
cybersecurity-researcher,tisc_contactus@csit.gov.sg.,
cyber-security-software-researcher,scholarship@csit.gov.sg,
cyber-vulnerability-researcher,dipscholarship@csit.gov.sg,
internships,jcscholarship@csit.gov.sg,
contact-us,cctp@csit.gov.sg,
privacy-statement,,
terms-of-use,,
techcon24,,
tisc-2024,,
tisc,,
tisc-2023,,
csit-undergraduate-scholarship,,
csit-diploma-scholarship,,
csit-computing-scholarship,,
cctp,,
new-scholarship-application-page,,
csit-mini-challenge,,
